{"nums_reviews": {"count": 2821, "mean": 507072.6171570365, "min": 1951.0, "max": 999790.0, "std": 286546.0906906232, "sum": 1430451853.0}, "labels_category": {"Pants": 148, "Umbrellas": 158, "Sweater": 163, "Belts": 164, "Shoes": 167, "Jeans": 172, "T-shirt": 174, "Socks": 177, "Shirt": 179, "Dress": 182, "Jacket": 183, "Gloves": 184, "Skirt": 191, "Blouse": 191, "Hat": 191, "Handbags": 197}}