{"nums": {"count": 999.0, "mean": 2.5333333333333337, "min": 0.1, "max": 5.0, "std": 1.4431164784384805, "sum": 2530.7999999999993, "column_name": "ratio"}, "labels": {"\u0410\u043d\u0442\u043e\u043d \u0427\u0435\u0445\u043e\u0432": 32, "\u0414\u043e\u043d \u0414\u0435\u043b\u0438\u043b\u043b\u043e": 30, "\u041a\u043b\u0430\u0439\u0432 \u0421\u0442\u0435\u0439\u043f\u043b\u0437 \u041b\u044c\u044e\u0438\u0441": 29, "\u0425\u0430\u0440\u0443\u043a\u0438 \u041c\u0443\u0440\u0430\u043a\u0430\u043c\u0438": 29, "\u0414\u0436\u043e\u0437\u0435\u0444 \u041a\u043e\u043d\u0440\u0430\u0434": 28, "\u0414\u0436\u0435\u0439\u043d \u041e\u0441\u0442\u0438\u043d": 25, "\u0414\u0436\u0435\u043a \u041b\u043e\u043d\u0434\u043e\u043d": 24, "\u0414\u0436\u043e\u043d \u0424\u0430\u0443\u043b\u0437": 24, "\u0418\u0432\u0430\u043d \u0422\u0443\u0440\u0433\u0435\u043d\u0435\u0432": 24, "\u042f\u0440\u043e\u0441\u043b\u0430\u0432 \u0413\u0430\u0448\u0435\u043a": 23, "\u0420\u043e\u0431\u0435\u0440\u0442 \u041b\u044c\u044e\u0438\u0441 \u0421\u0442\u0438\u0432\u0435\u043d\u0441\u043e\u043d": 23, "\u041b\u0435\u0432 \u0422\u043e\u043b\u0441\u0442\u043e\u0439": 23, "\u041a\u043e\u043b\u0438\u043d \u041c\u0430\u043a\u043a\u0430\u043b\u043e\u0443": 23, "\u0418\u044d\u043d \u0411\u044d\u043d\u043a\u0441": 23, "\u0421\u0438\u043d\u043a\u043b\u0435\u0440 \u041b\u044c\u044e\u0438\u0441": 23, "\u0414\u0436\u043e\u0440\u0434\u0436 \u041e\u0440\u0443\u044d\u043b\u043b": 23, "\u0424\u0435\u0434\u043e\u0440 \u0414\u043e\u0441\u0442\u043e\u0435\u0432\u0441\u043a\u0438\u0439": 23, "\u0410\u0440\u0442\u0443\u0440 \u041a\u043e\u043d\u0430\u043d \u0414\u043e\u0439\u043b": 22, "\u042e\u0441\u0442\u0435\u0439\u043d \u0413\u043e\u0440\u0434\u0435\u0440": 22, "\u0423\u0438\u043b\u044c\u044f\u043c \u0413\u043e\u043b\u0434\u0438\u043d\u0433": 21, "\u0421\u0435\u043b\u044c\u043c\u0430 \u041b\u0430\u0433\u0435\u0440\u043b\u0451\u0444": 21, "\u041e\u0441\u043a\u0430\u0440 \u0423\u0430\u0439\u043b\u044c\u0434": 20, "\u042d\u0440\u043d\u0435\u0441\u0442 \u0425\u0435\u043c\u0438\u043d\u0433\u0443\u044d\u0439": 20, "\u0411\u043e\u0440\u0438\u0441 \u041f\u0430\u0441\u0442\u0435\u0440\u043d\u0430\u043a": 19, "\u0410\u043b\u0435\u043a\u0441\u0435\u0439 \u0422\u043e\u043b\u0441\u0442\u043e\u0439": 19, "\u041a\u0430\u0437\u0443\u043e \u0418\u0441\u0438\u0433\u0443\u0440\u043e": 19, "\u0414\u0436. \u0420. \u0420. \u0422\u043e\u043b\u043a\u0438\u043d": 19, "\u041f\u0430\u0442\u0440\u0438\u043a \u0417\u044e\u0441\u043a\u0438\u043d\u0434": 19, "\u0423\u043c\u0431\u0435\u0440\u0442\u043e \u042d\u043a\u043e": 19, "\u0410\u043b\u0430\u043d \u0410\u043b\u0435\u043a\u0441\u0430\u043d\u0434\u0440 \u041c\u0438\u043b\u043d": 19, "\u0421\u0430\u043b\u043c\u0430\u043d \u0420\u0443\u0448\u0434\u0438": 18, "\u0413\u0435\u0440\u0431\u0435\u0440\u0442 \u0423\u044d\u043b\u043b\u0441": 18, "\u0418\u0441\u0430\u0430\u043a \u0411\u0430\u0431\u0435\u043b\u044c": 17, "\u041c\u0430\u0440\u043a \u0422\u0432\u0435\u043d": 17, "\u0413\u0430\u0431\u0440\u0438\u044d\u043b\u044c \u0413\u0430\u0440\u0441\u0438\u0430 \u041c\u0430\u0440\u043a\u0435\u0441": 17, "\u041d\u0438\u043a\u043e\u043b\u0430\u0439 \u0413\u043e\u0433\u043e\u043b\u044c": 17, "\u041c\u0438\u0445\u0430\u0438\u043b \u0411\u0443\u043b\u0433\u0430\u043a\u043e\u0432": 17, "\u0422\u0435\u0434 \u0425\u044c\u044e\u0437": 17, "\u0416\u044e\u043b\u044c \u0412\u0435\u0440\u043d": 16, "\u0421\u0442\u0430\u043d\u0438\u0441\u043b\u0430\u0432 \u041b\u0435\u043c": 16, "\u0421\u0442\u0438\u0432\u0435\u043d \u041a\u0438\u043d\u0433": 16, "\u042f\u0441\u0443\u043d\u0430\u0440\u0438 \u041a\u0430\u0432\u0430\u0431\u0430\u0442\u0430": 16, "\u041c\u0430\u0439\u043d \u0420\u0438\u0434": 16, "\u0412\u043b\u0430\u0434\u0438\u043c\u0438\u0440 \u041d\u0430\u0431\u043e\u043a\u043e\u0432": 15, "\u0410\u043b\u0435\u043a\u0441\u0430\u043d\u0434\u0440 \u041f\u0443\u0448\u043a\u0438\u043d": 15, "\u0425\u0430\u0440\u043f\u0435\u0440 \u041b\u0438": 15, "\u0424\u0440\u044d\u043d\u0441\u0438\u0441 \u0421\u043a\u043e\u0442\u0442 \u0424\u0438\u0446\u0434\u0436\u0435\u0440\u0430\u043b\u044c\u0434": 13, "\u0421\u0438\u0433\u0440\u0438\u0434 \u0423\u043d\u0441\u0435\u0442": 13, "\u0413\u0435\u043d\u0440\u0438\u0445 \u0421\u0435\u043d\u043a\u0435\u0432\u0438\u0447": 12, "\u042d\u0440\u0438\u0445 \u041c\u0430\u0440\u0438\u044f \u0420\u0435\u043c\u0430\u0440\u043a": 10, "column_name": "count"}}