{"nums_bonus": {"count": 1502, "mean": 2588.574567243675, "min": 106.0, "max": 4995.0, "std": 1439.0989915761777, "sum": 3888039.0}, "labels_matrix": {"IPS": 291, "OLED": 305, "AMOLED": 318}}