{"nums": {"count": 49955.0, "mean": 3571.3007106395758, "min": 202.0, "max": 212059.0, "std": 6569.573718221489, "sum": 178404327.0, "column_name": "new_views"}, "labels": {"\u041a\u043e\u043e\u043c \u0436\u0430\u043d\u0430 \u0442\u0443\u0440\u043c\u0443\u0448": 24190, "\u041a\u044b\u043b\u043c\u044b\u0448\u0442\u0430\u0440, \u043a\u044b\u0440\u0441\u044b\u043a\u0442\u0430\u0440": 7232, "\u0422\u04af\u0440\u043a\u04af\u043d \u0434\u04af\u0439\u043d\u04e9": 6124, "\u0421\u0430\u044f\u0441\u0430\u0442": 3999, "\u0421\u043f\u043e\u0440\u0442": 3210, "\u0421\u0443\u043f\u0435\u0440-\u0418\u043d\u0444\u043e": 1574, "\u041c\u0430\u0434\u0430\u043d\u0438\u044f\u0442, \u0448\u043e\u0443-\u0431\u0438\u0437\u043d\u0435\u0441": 1550, " \u0411\u0438\u0437\u043d\u0435\u0441-\u0418\u043d\u0444\u043e": 1055, "\u042d\u043b\u0434\u0438\u043a \u043a\u0430\u0431\u0430\u0440": 378, "\u0416\u0435\u0440\u0433\u0438\u043b\u0438\u043a\u0442\u04af\u04af \u043a\u0435\u04a3\u0435\u0448\u0442\u0435\u0440\u0434\u0438\u043d \u0434\u0435\u043f\u0443\u0442\u0430\u0442\u0442\u0430\u0440\u044b\u043d \u0448\u0430\u0439\u043b\u043e\u043e - 2021": 278, "\u041a\u04af\u043d\u043d\u0430\u0430\u043c\u0430": 160, "\u0421\u0430\u044f\u0441\u0430\u0442\u0442\u0430\u0433\u044b \u0441\u043e\u0442\u0442\u0443\u043a \u0438\u0448\u0442\u0435\u0440": 107, "\u041a\u04e9\u0437 \u043a\u0430\u0440\u0430\u0448": 73, "\u0422\u0435\u0441\u0442 \u043a\u0443\u0440\u0436\u0443\u043d": 19, "\u042d\u043c\u0433\u0435\u043a \u0436\u0430\u0440\u0447\u044b\u0441\u044b": 3, "super.kg \u043e\u0440\u0443\u0441\u0447\u0430": 1, "\u0421\u0443\u0440\u0430\u043c\u0436\u044b\u043b\u043e\u043e": 1, "\u041b\u043e\u043d\u0433\u0440\u0438\u0434": 1, "column_name": "count"}}